{"loss": [19.78541374206543, 0.7758165597915649, 0.8305395245552063, 0.6044686436653137, 0.6389635801315308, 0.5917113423347473, 0.4745553433895111, 0.7840416431427002, 0.49156251549720764, 0.3990347981452942, 0.40946444869041443], "accuracy": [0.577937662601471, 0.6642686128616333, 0.6642686128616333, 0.6618704795837402, 0.7194244861602783, 0.7649880051612854, 0.8081534504890442, 0.8057553768157959, 0.8273381590843201, 0.824940025806427, 0.8345323801040649], "val_loss": [3.4206197261810303, 0.8025438189506531, 0.6335552930831909, 0.5911979079246521, 0.5799779295921326, 0.5561206340789795, 0.5728429555892944, 0.9348210692405701, 1.1128379106521606, 1.0077024698257446, 5.584837436676025], "val_accuracy": [0.6432432532310486, 0.8243243098258972, 0.8216215968132019, 0.8405405282974243, 0.8648648858070374, 0.8729729652404785, 0.8810811042785645, 0.862162172794342, 0.8513513803482056, 0.8783783912658691, 0.5135135054588318]}
